{
    "description" : "CpG model plus highest parameters of all 2mers",
    "bases" : [ "A", "C", "G", "T" ],
    "initfreqs" : [ 0.25, 0.25, 0.25, 0.25 ],
    "mutpats" : [
        [ [ "A", "T" ] ],
        [ [ "T", "A" ] ],
        [ [ "C", "G" ] ],
        [ [ "G", "C" ] ],
        [ [ "A", "C" ] ],
        [ [ "T", "G" ] ],
        [ [ "A", "G" ] ],
        [ [ "T", "C" ] ],
        [ [ "C", "A" ] ],
        [ [ "G", "T" ] ],
        [ [ "C", "T" ] ],
        [ [ "G", "A" ] ],
        [ [ "CG", "TG" ], [ "CG", "CA" ] ],
        [ [ "TA", "TC" ], [ "TA", "GA" ] ]
    ],
    "mutrates" : [ 0.1, 0.1, 0.15, 0.15, 0.08, 0.08, 0.08, 0.08, 0.12, 0.12, 0.12, 0.12, 0.12, 0.02 ],
    "mutrates.scale" : [ 0.00005, 0.00005, 0.00005, 0.00005, 0.00005, 0.00005, 0.00005, 0.00005, 0.00005, 0.00005, 0.00005, 0.00005, 0.00005, 0.00005 ],
    "mutrates.prior" : [ 0.1, 0.1, 0.1, 0.1, 0.1, 0.1, 0.1, 0.1, 0.1, 0.1, 0.1, 0.1, 0.1, 0.1 ]
}
